1,"免费奖励"
2,"看广告可以使用这个厉害的武器哟~"
3,"取消"
4,"Play Ads"
5,"1"
6,"2"
7,"3"
8,"0"
9,"4"
10,"5"
11,"6"
12,"R"
13,"7"
14,"8"
15,"9"
16,"OK"
17,"A"
18,"Text"
19,"还原"
20,"不要轻易暴露自己的身份
远离那些试图靠近你的人
不要相信任何人
每个人都可能很危险!"
21,"温馨提示"
22,"掏出手枪后，点击屏幕射击
找到隐藏的凶手，击败他!
不要攻击平民"
23,"侦探教学"
24,"掏出手枪"
25,"收起手枪"
26,"准星图标"
27,"掏出近战武器后，会自动攻击周围玩家
掏出远程飞刀后，点击准星来扔出
击败所有人，小心侦探!"
28,"凶手教学"
29,"掏出近战匕首"
30,"掏出远程飞刀"
31,"收起武器"
32,"Button"
33,"Wanna play a game with me? "
34,"警探"
35,"MetaWorld"
36,"达拉崩吧斑得贝迪卜多比鲁翁"
37,"黑手党"
38,"VS"
39,"Text_Content_12007"
40,"Text_Content_12008"
41,"杀手"
42,"Text_Content_12009"
43,"99"
44,"消灭了3名学生"
45,"9999"
46,"Text_Content_12014"
47,"Text_Content_12015"
48,"特权生效中"
49,"Text_Content_12016"
50,"Text_Content_12017"
51,"Your first round is over, take a look at the settlement panel"
52,"Here is the final result of the game"
53,"Here shows the two players who impacted the game most as well as their wins and losses"
54,"Here's shows your earning in this round"
55,"CONFIRM"
56,"youwillpay10000forthis"
57,"Yes"
58,"No"
59,"1111111111111111111"
60,"22222222222222"
61,"3333333"
62,"Defeat1and1execute1them1"
63,"分组"
64,"命令"
65,"执行"
66,"购买"
67,"物品名字物品名字"
68,"100000"
69,"抽奖获得"
70,"Loading"
71,"武器名字"
72,"3%"
73,"Text_Content_12024"
74,"Text_Content_12019"
75,"1231321"
76,"抽奖"
77,"1000"
78,"Text_Content_12020"
79,"Text_Content_12021"
80,"300s"
81,"Text_Content_12022"
82,"Text_Content_12023"
83,"10/200"
84,"Text_Content_12025"
85,"武器名称"
86,"Text_Content_12026"
87,"200"
88,"99999"
89,"距离对局开始还有"
90,"Text_Content_20030"
91,"观战"
92,"Text_Content_20009"
93,"Text_Content_12018"
94,"能力"
95,"免费领券"
96,"兑换"
97,"请选择要游玩的地图"
98,"地图名称一"
99,"16"
100,"地图名称二"
101,"地图名称三"
102,"Text_Content_20033"
103,"Text_Content_20019"
104,"Text_Content_20020"
105,"Text_Content_20014"
106,"Text_Content_20029"
107,"Text_Content_20013"
108,"Text_Content_20012"
109,"23333333"
110,"Text_Content_20015"
111,"Text_Content_20016"
112,"Text_Content_20017"
113,"Text_Content_20018"
114,"2333333"
115,"Text_Content_20021"
116,"Text_Content_20022"
117,"Text_Content_20023"
118,"Text_Content_20024"
119,"凶手能力装配"
120,"能力详情"
121,"装备"
122,"已拥有"
123,"装备中"
124,"能力名称"
125,"详情描述"
126,"金币购买"
127,"钻石购买"
128,"Start"
129,"TownMystory"
130,"本轮胜利者！"
131,"玩家A"
132,"广告券兑换"
133,"兑换 奖励"
134,"消耗"
135,"999"
136,"会员特权"
137,"炫酷红色昵称，与众不同！
每局获得更多金币和经验~"
138,"233乐园大会员生效期间自动激活"
139,"已激活"
140,"超级特权"
141,"凶手概率翻倍，爽快体验~
专属拖尾、武器形象，秀出不同！"
142,"购买消耗"
143,"*1"
144,"剩余生效时间"
145,"一只小猪一只小猪Text"
146,"动作1"
147,"你的身份是1"
148,"1参与对局将提升概率1"
149,"超级特权生效中"
150,"Detective"
151,"Maffia"
152,"Civilian"
153,"成为黑手党的概率1"
154,"胜利！"
155,"失败"
156,"You Die"
157,"On behalf of justice, you can't shoot randomly, attacking good people leads to your own death"
158,"Text_Content_20032"
159,"99.99"
160,"0/5"
161,"存活经验：+{0}EXP"
162,"00:00"
163,"身份目标提示放在这里"
164,"1/10"
165,"待拾取"
166,"你的身份是："
167,"身份目标"
168,"活下去"
169,"目标1"
170,"目标2"
171,"9999999"
172,"PlayerName"
173,"30"
174," 消灭!"
175,"Text_Content_11001"
176,"${this.mYesBtn.text}失败，请重试"
177,"领取"
178,"Death :: AI ${ai.aiModel.gameObjectId} 死亡模型 ==== 播放动作 Deathmodel: ${this.deathModelMap.get(ai.aiModel).gameObjectId} ain: ${deathGuid}"
179,"没有传入图片guid"
180,"S调用:\n"
181,"========================\nC调用:\n"
182,"对局正式开始"
183,"玩家购买能力"
184,"玩家个人结算"
185,"大厅按钮点击率"
186,"抽奖按钮点击率"
187,"点击结算双倍金币"
188,"游戏结束"
189,"按钮点击事件"
190,"玩家开始新手引导"
191,"新手引导的第几步"
192,"新手引导事件完成"
193,"玩家第一轮对局开始"
194,"玩家关键行为"
195,"玩家第一轮结束"
196,"玩家每次点击购买按钮并成功购买物品"
197,"玩家每次点击装备按钮并成功装备物品"
198,"玩家使用快捷短语"
199,"玩家选择那张地图"
200,"玩家使用广告券购买物品"
201,"玩家购买大会员礼包"
202,"FSM游戏中有玩家离开"
203,"暂时存储玩家数据1"
204,"暂时存储玩家数据2"
205,"FSM游戏结束中有玩家离开"
206,"金币已达上限"
207,"有玩家没有成功进入场景，游戏重新开始"
208,"玩家"
209,"死亡了"
210,"Camera :: ===== 相机设置1"
211,"Camera :: ===== 相机设置2"
212,"有玩家进入了道具触发器"
213,"有玩家游戏前离开"
214,"警察留下枪械"
215,"有玩家离开"
216,"找不到玩家信息playerleave"
217,"玩家不是第一次离开当局游戏"
218,"玩家已经死亡过了"
219,"警察或英雄死亡，留下枪械"
220,"gameplayerCheck:找不到info"
221,"当前死亡总人数"
222,"Death ::当前死亡人数 ${dieNum} 黑手党是否存活 ${spyExist}"
223,"生成保护壳"
224,"玩家受到伤害"
225,"人机受到伤害"
226,"关闭玩家 =====${player.playerId}"
227,"confirmTerminator: 警探 AI   ====== ${GameGlobals.policeAi.aiModel.gameObjectId}"
228,"confirmTerminator: 警探 ==== 报错"
229,"confirmTerminator: 黑手党 真人 ====== ${GameGlobals.spyPlayer.playerId}"
230,"confirmTerminator: 黑手党 AI   ====== ${GameGlobals.spyAi.aiModel.gameObjectId}"
231,"confirmTerminator: 黑手党 ==== 报错"
232,"confirmTerminator: 英雄 真人 ====== ${GameGlobals.heroPlayer.playerId}"
233,"confirmTerminator: 英雄 AI   ====== ${GameGlobals.heroAi.aiModel.gameObjectId}"
234,"confirmTerminator: 英雄 ==== 报错"
235,"confirmTerminator: 终结者 ==== 没有"
236,"leave :: 离线玩家 ==== 终结者"
237,"leave :: 离线玩家 ==== 不是终结者"
238,"免费抽奖~\n再送一张广告券"
239,"钻石数量不足"
240,"金币数量不足"
241,"广告券数量不足"
242,"随机的角色id为:"
243,"Camera :: ===== 相机重置前判断:: ${bo}"
244,"kang log 今日首次领取奖励后开始倒计时"
245,"kang log 已经达到上限"
246,"kang log 正在倒计时"
247,"kang log 已经观看了"
248,"次广告"
249,"免费领取${num}金币"
250,"kang log 当前玩家观看大厅广告次数:"
251,"大厅观看次数累计"
252,"  大厅激励-广告上限L:"
253,"kang log 正在倒计时 "
254,"kang log 倒计时结束"
255,"BGM ==== 大厅"
256,"ssssssss当前currentPlayer人数"
257,"kang log 倒计时到第二天了，刷新今日参加场数！！！！！！！！"
258,"免费领取双倍金币\n再送一张广告券"
259,"kang log 重置当天进行的场数"
260,"激活金币"
261,"销毁金币"
262,"SZW得不到玩家数据"
263,"不是对局中的玩家"
264,"遗留枪的位置发生改变"
265,"BGM ==== 地图选择"
266,"客户端：开始观战"
267,"玩家主动停止观战"
268,"将该玩家移除观战"
269,"免费领取2张广告券"
270,"皮肤"
271,"击中角色"
272,"击中自己"
273,"击中目标"
274,"人形对象"
275,"角色"
276,"ai不存在"
277,"子弹击中人机1"
278,"子弹击中人1"
279,"子弹击中人机2"
280,"子弹击中人2"
281,"在pie环境下如果想要vip请使用gm"
282,"目标类型"
283,"子弹击中物体"
284,"黑手党视野范围"
285,"黑手党静止"
286,"黑手党亮刀"
287,"黑手党追击时间"
288,"黑手党攻击命中率"
289,"警探英雄视野范围"
290,"警探英雄静止"
291,"警探英雄亮枪"
292,"周围有黑手党时=1"
293,"警探英雄追击时间"
294,"也是开枪的持续时间"
295,"警探英雄向不明身份玩家开枪概率"
296,"对亮刀的黑手党会百分百持续射击"
297,"警探开枪率"
298,"警探开枪距离范围"
299,"平民视野范围"
300,"平民静止"
301,"平民跟随警探"
302,"平民拾取掉落武器概率"
303,"拾取武器概率、拾取能量球概率、进入下一随机点概率，和为1"
304,"平民拾取能量球概率"
305,"平民进入下一个随机点概率"
306,"AI名称1"
307,"AI名称2"
308,"AI名称3"
309,"AI名称4"
310,"AI名称5"
311,"AI名称6"
312,"AI名称7"
313,"AI名称8"
314,"AI名称9"
315,"AI名称10"
316,"AI名称11"
317,"按钮通用音效"
318,"随机身份的咔哒声"
319,"选中身份的强调音"
320,"换弹音效"
321,"10001菜刀攻击音效"
322,"20001手枪攻击音效"
323,"10001菜刀\\20001手枪命中音效"
324,"死亡人声"
325,"吃金币"
326,"死亡心跳声"
327,"金币袋满声"
328,"获得能量球"
329,"挥刀备用音"
330,"局外BGM"
331,"10002攻击音效"
332,"10003攻击音效"
333,"20002攻击音效"
334,"20003攻击音效"
335,"角色形象1"
336,"角色：11000"
337,"角色形象2"
338,"角色形象3"
339,"角色形象4"
340,"角色头像1"
341,"角色头像2"
342,"角色头像3"
343,"角色头像4"
344,"樱校角色头像1"
345,"樱校角色头像2"
346,"樱校角色头像3"
347,"樱校角色头像4"
348,"樱校角色形象1"
349,"樱校角色形象2"
350,"樱校角色形象3"
351,"樱校角色形象4"
352,"武器图标1"
353,"武器：11100"
354,"商店武器1"
355,"商店武器2"
356,"商店武器3"
357,"商店武器4"
358,"身份：11200"
359,"平民"
360,"英雄"
361,"角色头像5"
362,"角色头像6"
363,"角色头像7"
364,"角色头像8"
365,"角色形象5"
366,"角色形象6"
367,"角色形象7"
368,"角色形象8"
369,"角色头像9"
370,"角色头像10"
371,"角色头像11"
372,"角色头像12"
373,"角色头像13"
374,"角色头像14"
375,"角色形象9"
376,"角色形象10"
377,"角色形象11"
378,"角色形象12"
379,"角色形象13"
380,"角色形象14"
381,"商店特效1"
382,"商店特效2"
383,"商店特效3"
384,"商店特效4"
385,"商店特效5"
386,"商店特效6"
387,"地图图标1"
388,"地图图标2"
389,"大厅金币堆图标"
390,"金币图标"
391,"钻石图标"
392,"保护壳特效"
393,"武器掉落特效"
394,"道具特效"
395,"保护壳破碎特效"
396,"拖尾特效1"
397,"拖尾特效2"
398,"拖尾特效3"
399,"拖尾特效4"
400,"拖尾特效5"
401,"拖尾特效6"
402,"10003攻击特效"
403,"20003攻击特效"
404,"新特效1-火焰"
405,"新特效2-女巫"
406,"新特效3-骑士"
407,"新特效4-魔鬼"
408,"新特效5-恶魔"
409,"武器模型10002"
410,"商店武器模型：21000"
411,"武器模型10003"
412,"武器模型20002"
413,"武器模型20003"
414,"持刀姿态"
415,"持枪姿态"
416,"死亡倒地姿态"
417,"男性默认"
418,"女性默认"
419,"近战攻击动作"
420,"远程攻击动作"
421,"远程CD动作：换弹"
422,"右手掏枪、掏刀动作"
423,"死亡动作1"
424,"死亡动作2"
425,"商店特效7"
426,"商店特效8"
427,"商店特效9"
428,"商店特效10"
429,"商店特效11"
430,"角色头像15"
431,"角色头像16"
432,"角色头像17"
433,"角色头像18"
434,"角色头像19"
435,"角色头像20"
436,"角色头像21"
437,"角色头像22"
438,"角色头像23"
439,"角色头像24"
440,"角色头像25"
441,"角色头像26"
442,"角色头像27"
443,"角色头像28"
444,"角色头像29"
445,"角色形象15"
446,"角色形象16"
447,"角色形象17"
448,"角色形象18"
449,"角色形象19"
450,"角色形象20"
451,"角色形象21"
452,"角色形象22"
453,"角色形象23"
454,"角色形象24"
455,"角色形象25"
456,"角色形象26"
457,"角色形象27"
458,"角色形象28"
459,"角色形象29"
460,"逻辑对象投掷物"
461,"子弹模型预加载"
462,"金币模型"
463,"丢飞刀"
464,"投掷架势"
465,"拔刀"
466,"持刀"
467,"反手持刀"
468,"下刺"
469,"投掷架势2"
470,"投掷"
471,"上举持枪"
472,"换弹"
473,"开枪（单次）"
474,"刀预制体"
475,"斧子模型"
476,"尼泊尔军刀模型"
477,"左轮手枪模型"
478,"冲锋枪模型"
479,"步枪模型"
480,"菜刀模型"
481,"鱼"
482,"匕首1"
483,"匕首2"
484,"胜利展示动作"
485,"医院预览"
486,"胜利展示动作播不了"
487,"胜利展示动作新"
488,"死亡姿态2"
489,"死亡姿态3"
490,"AI跑步动画"
491,"位移加速为1.1倍"
492,"飞刀移速加速为1.6倍"
493,"爆炸飞刀"
494,"我是{1}"
495,"凶手是谁？"
496,"😡气死我了"
497,"救命💦"
498,"别刀我😭"
499,"谢谢你🙏"
500,"🤺退！🤺退！🤺退！"
501,"💯满分操作！"
502,"🎭我要开始表演了~"
503,"学生"
504,"凶手"
505,"红色"
506,"紫色"
507,"蓝色"
508,"绿色"
509,"白色"
510,"一袋金币"
511,"一箱金币"
512,"限定武器-樱"
513,"限定武器-蝶"
514,"快速投掷体验券"
515,"爆炸飞刀体验券"
516,"幽灵斗篷体验券"
517,"每拯救一名学生"
518,"凶手每次击杀"
519,"身份名称（学生）"
520,"身份"
521,"这里是本局中你的身份"
522,"身份目标（学生）"
523,"这里是你本局的目标，不知道做什么的话就看一下这里吧"
524,"身份目标1（学生）"
525,"努力活下来才能够获得胜利~"
526,"身份目标2-1（学生）"
527,"这是能量球："
528,"身份目标2-2（学生）"
529,"集齐能量球，可以获得一层保护壳"
530,"身份目标（凶手）"
531,"这里是你本局的目标，在对局结束前完成目标才能获得胜利"
532,"身份目标（侦探）"
533,"身份目标（英雄）"
534,"你有了新的目标，击杀凶手，保护学生"
535,"身份名称（侦探）"
536,"身份名称（凶手）"
537,"身份名称（英雄）"
538,"恭喜你拾取到武器，现在你成为了一名英雄"
539,"第一次吃到金币"
540,"金币"
541,"本局游戏内获得的金币将存储在这里，结算时会发放给你；不过金币袋是有上限的，袋子装满就无法获得了"
542,"金币袋满了"
543,"金币袋已经满了，本局无法再拾取金币了"
544,"切换引导（凶手）"
545,"攻击"
546,"点击这里可以切换姿态，选择亮出武器或藏起武器"
547,"攻击引导（凶手）"
548,"在亮出武器后，可以点击这里进行攻击"
549,"切换引导（侦探）"
550,"攻击引导（侦探）"
551,"切换引导（英雄）"
552,"攻击引导（英雄）"
553,"保护壳(学生）"
554,"保护壳"
555,"恭喜你集齐了道具！现在你获得了一个保护壳！保护壳可以为你抵挡一次来自其他玩家的攻击，但是每局游戏只能获得一次"
556,"圈出结算界面"
557,"结算"
558,"现在你的第一局游戏已经结束，来看看结算面板吧"
559,"圈出结算标语"
560,"这里说明了对局的最终结果"
561,"圈出结算关键信息"
562,"这里显示了对对局产生影响最大的两方玩家和他们的胜负"
563,"圈出结算收益"
564,"这里显示了你在本轮对局获得的收益"
565,"侦探/凶手死亡提示（凶手/侦探）"
566,"死亡"
567,"代表正义的你不可以乱开枪，攻击好人会导致自己死亡"
568,"侦探"
569,"10000：新手引导表"
570,"20000：身份属性表"
571,"当前人数不足"
572,"30000：文本表"
573,"对局进行中"
574,"等待对局开始"
575,"游戏开始倒计时..."
576,"对局结束倒计时"
577,"成为凶手的概率："
578,"（参与对局将增加概率）"
579,"你的身份"
580,"你死了"
581,"击杀所有人{0}/{1}"
582,"击杀凶手{0}/{1}"
583,"收集隐秘的能量球{0}/{1}"
584,"时间到！"
585,"凶手大杀特杀！"
586,"凶手轻松解决了所有人！"
587,"侦探逮捕了凶手！"
588,"一位英雄出现并逆转了局面！"
589,"凶手似乎遗漏了什么..."
590,"合宿谜团"
591,"开始"
592,"观战倒计时"
593,"他的身份是"
594,"加载中..."
595,"货币不足"
596,"商店"
597,"凶手专用"
598,"侦探专用"
599,"枪"
600,"刀"
601,"挂件"
602,"使用"
603,"脱下"
604,"购买物品"
605,"确定"
606,"点击任意一处返回"
607,"购买成功"
608,"地图已选出"
609,"随机地图中"
610,"拖尾"
611,"免费领取"
612,"观看广告领取额外奖励"
613,"观看广告领取补偿"
614,"恭喜获得"
615,"时间还没到，再等一下才能获得哦~"
616,"今天已经得到很多奖励了，明天再来吧~"
617,"存在"
618,"存活经验+{0}EXP"
619,"奖励"
620,"本局身份"
621,"收集金币"
622,"消灭了{0}名学生！"
623,"已存活{0}分{1}秒"
624,"拯救了{0}位学生"
625,"× 1.5 ( 胜利奖励)"
626,"+ 900 ( 胜利奖励)"
627,"观看广告，获得双倍金币！"
628,"UI按钮上的文字"
629,"观看"
630,"武器箱"
631,"观看广告，免费抽奖一次"
632,"距离下次免费："
633,"累计抽奖"
634,"下次必得红色品质武器"
635,"正在打开箱子..."
636,"已拥有，自动回收为金币"
637,"击败所有人，一个也不要放过！"
638,"你是侦探，寻找凶手并击败他！"
639,"你化身英雄，找到凶手击败他！"
640,"活下去..."
641,"本轮终结者！"
642,"请先拿出武器！"
643,"40000：提示表"
644,"变成了英雄！可以拿出武器攻击了！"
645,"收集能量球数量+1~"
646,"本局获得能量球数量已满！"
647,"获得了能量保护壳！可以抵挡一次攻击！"
648,"能量保护壳被击碎了！小心！"
649,"保护壳的能量被吸收了..."
650,"金币袋已满！"
651,"有人被淘汰了！"
652,"侦探死亡了，找找他的武器吧！"
653,"当前没有正在进行的对局！"
654,"密码输入正确"
655,"密码输入错误！"
656,"免费抽取武器皮肤，点击前往！"
657,"广告冷却中"
658,"小刀"
659,"50000：武器表"
660,"左轮手枪"
661,"消防斧"
662,"尼泊尔军刀"
663,"冲锋枪"
664,"步枪"
665,"暗杀匕首"
666,"求生匕首"
667,"菜刀"
668,"镖(波)"
669,"镖(桎)"
670,"镖(碎)"
671,"镖(漩)"
672,"镖(气)"
673,"镖(激荡)"
674,"镖(封印)"
675,"镖(轮回)"
676,"狗鱼"
677,"毛鼻鲶"
678,"金鱼"
679,"金枪鱼"
680,"龙虾"
681,"皇带鱼"
682,"神奇海螺"
683,"海王三叉戟"
684,"飞镖武器箱"
685,"武器箱子名称"
686,"深海武器箱"
687,"60000：AI数据表"
688,"大厅"
689,"湖边别墅"
690,"关卡地图名称"
691,"林中庭院"
692,"废弃医院"
693,"烟雾"
694,"拖尾道具"
695,"紫电"
696,"雷霆"
697,"清风"
698,"虹彩"
699,"梦幻"
700,"温柔学姐"
701,"套装名称"
702,"风纪委员"
703,"不良少女"
704,"韩式淑女"
705,"可爱学妹"
706,"奇幻少女"
707,"温柔学长"
708,"不良少年"
709,"啦啦队长"
710,"艺术生"
711,"二次元少女"
712,"英语老师"
713,"正义少年"
714,"潮流少女"
715,"学生会长"
716,"女老师"
717,"班主任"
718,"海边姐姐"
719,"邻家妹妹"
720,"健身教练"
721,"优雅少女"
722,"探险家"
723,"民国学生"
724,"可可少女"
725,"猫猫店员"
726,"女仆甜心"
727,"猫耳女仆"
728,"少女偶像"
729,"圣诞少女"
730,"火焰"
731,"女巫"
732,"骑士"
733,"恶魔"
734,"魔鬼"
735,"我是{1}~"
736,"救命！"
737,"谢谢你！"
738,"你好！"
739,"别刀我QAQ"
740,"QAQ希望也本地化一下，换成欧美比较熟悉的颜表情"
741,"退！退！退！"
742,"满分操作~"
743,"我要开始表演了~"
744,"1.凶手有近战穿刺、远程飞刀两种方式，可以自由切换\n2.在近战状态下，靠近其他玩家并面向他们，就可以自动挥刀击杀\n3.在远程状态下，附近有可攻击的目标时，会出现瞄准标志，点击标志即可扔出飞刀"
745,"文本长度尽量和中文一致"
746,"1.侦探可以开枪进行射击，有两种射击方法\n2.在持枪状态下，附近有可攻击目标时，会出现瞄准标志，点击标志即可发射子弹\n3.除此之外，持枪状态下点击任意位置都可以发射子弹哦~"
747,"1.如果你是杀手/侦探，请尽量不要暴露自己的身份\n2.不要相信任何试图靠近你的人，他们很危险，时刻保持警惕\n3.假如你是平民，那么努力活下来吧"
748,"凶手淘汰了你"
749,"目标错误，你被淘汰了"
750,"已被正义的警探消灭"
751,"能力商店"
752,"动词"
753,"卸下"
754,"指“已装备”"
755,"货币不足，再攒攒吧~"
756,"杀手步伐"
757,"杀手的特殊能力名称"
758,"快速投掷"
759,"【杀手被动能力】\n当你掏出你的刀时，你的移动速度会比平时更快，提升10％"
760,"【杀手被动能力】\n现在你扔出的飞刀会飞得更快，提升100％"
761,"【杀手被动能力】\n当你的飞刀命中目标时，不会立即对目标造成伤害，而是在目标处埋下一颗炸弹，延迟一小段时间后会爆炸，并对周围一定范围内的玩家同样造成伤害"
762,"彩虹马桶人"
763,"马桶人是外网热梗，就叫skibidi toilet"
764,"公主马桶人"
765,"太空马桶人"
766,"蜘蛛马桶人"
767,"监控人"
768,"马桶人系列，就叫这个"
769,"音响人"
770,"电视人"
771,"卡通音响人"
772,"卡通电视人"
773,"本次更新：\n1.新增【马桶人VS监控人】系列挂件，欢迎大家去商店选购~\n2.新增【能力商店】，开放杀手局内特殊能力的配置\n3.优化了侦探、凶手的操作手感及相关界面\n4.调整大厅及关卡场景，提升性能\n5.新增还原按钮，镜头卡住的时候点一下试试吧"
774,"有玩家进入场景失败，对局将重新开始"
775,"跳转"
776,"暂无获取途径"
777,"科幻武器箱"
778,"神话武器箱"
779,"奇点之枪"
780,"虚数之杖"
781,"光谱矛"
782,"反物质枪"
783,"光谱剑"
784,"光谱剑(晶红)"
785,"匕首(模拟)"
786,"军刀(模拟)"
787,"左轮(模拟)"
788,"冲锋枪(模拟)"
789,"唤雷(符文)"
790,"逐日(符文)"
791,"雷神之锤"
792,"火铳"
793,"骨刺剑(圣)"
794,"左轮(圣)"
795,"骨刺剑(恋)"
796,"左轮(恋)"
797,"骨刺剑(炽)"
798,"骨刺剑(霜)"
799,"樱"
800,"蝶"
801,"黄金球棍(虹彩)"
802,"黄金左轮(虹彩)"
803,"幽灵斗篷"
804,"【杀手主动能力】\n激活后，你可以隐身5秒，若你在隐身时击败了任何玩家，则会立即结束隐身"
805,"兑换成功"
806,"兑换失败"
807,"恭喜激活会员特权"
808,"恭喜激活超级特权"
809,"会员特权已到期失效"
810,"超级特权已到期失效"
811,"持有数量已经达到上限"
812,"会员特权激活中"
813,"剩余激活时间{0}"
814,"尚未激活会员特权"
815,"尚未激活超级特权"
816,"剩余激活时间{0}天"
817,"恭喜获得广告券*1"
818,"土豪来啦"
819,"和上面一样"
820,"金钥匙数量不足"
821,"这个版本不支持开通大会员"
822,"s not ready yet, please wait a little longer to get it~", "时间还没到，再等一下才能获得哦~", null], [30058, "Tips_Content_20004", "You"
823,"t trust anyone who tries to get close to you, they are dangerous, always stay alert.\n3. If you are a student, try to survive!", "1.如果你是杀手/侦探，请尽量不要暴露自己的身份\n2.不要相信任何试图靠近你的人，他们很危险，时刻保持警惕\n3.假如你是平民，那么努力活下来吧", "文本长度尽量和中文一致"], [90016, "Text_Content_20039", "Murderer Tutorial", "凶手教学", null], [90017, "Text_Content_20040", "Detective Tutorial", "侦探教学", null], [90018, "Text_Content_20041", "Tips", "温馨提示", null], [90019, "Tips_Content_20009", "The murderer defeated you.", "凶手淘汰了你", null], [90020, "Tips_Content_20010", "Wrong target, you"
824,"s Passive Ability] When you pull out your knife, your movement speed is increased by 10% faster than usual.", "【杀手被动能力】\n当你掏出你的刀时，你的移动速度会比平时更快，提升10％", null], [90036, "SkillShop_Description_10002", "[Murderer"
825,"粉色"
826,"黄色"
827,"左边"
828,"右边"
829,"快去按下{1}按钮！"
830,"先按{1}按钮"
831,"再按{1}按钮"
832,"松开{1}按钮"
833,"你走{2}，我走另一边"
834,"你站在那里不要动"
835,"我们一起冲过去！"
836,"不好意思我失误了"
837,"没关系，再试一次吧"
838,"欢迎来到教学关卡！在双人糖果跑酷中，一定要与你的搭档好好合作才可以顺利过关哦"
839,"按下按钮，可以开关对应颜色的机关门"
840,"互帮互助才可以一起过关，不要忘了刚才帮助过你的搭档哟"
841,"这扇门需要同时按压两个按钮才可开启，与你的搭档一起冲过去吧！"
842,"方形的按钮只有用“同伴方块”才可按压，快将它推至对应位置打开大门吧！"
843,"与你的搭档合作，将友情方块顺利推至按钮处吧！"
844,"建议先通关“信任即钥匙”关卡后再挑战本关卡"
845,"建议先通关“往返跳跃”关卡后再挑战本关卡"
846,"墙上的开关只能触发一瞬间，与你的默契搭档一同跳起打开大门吧！"
847,"建议先通关“箱子难题”关卡后再挑战本关卡"
848,"这里是最难的关卡之一，建议先通关简单与普通难度的关卡再来挑战哦"
849,"教程"
850,"齐心协力"
851,"信任即钥匙"
852,"箱子难题"
853,"往返跳跃"
854,"蹦蹦跳跳"
855,"好朋友挑战"
856,"层层登攀"
857,"心跳冲刺"
858,"人箱合一"
859,"换装"
860,"音量：开"
861,"音量：关"
862,"返回大厅"
863,"排行榜"
864,"排名"
865,"名称"
866,"积分"
867,"打招呼"
868,"前指"
869,"摇头"
870,"庆祝"
871,"鼓励"
872,"比心"
873,"快邀请你想要搭档的玩家一同闯关吧！"
874,"这些玩家正在请求你的协助！"
875,"邀请"
876,"已邀请"
877,"协助"
878,"闯关邀请"
879,"请求帮助"
880,"{0}请求支援"
881,"是否要返回大厅"
882,"前往前方挑战简单关卡"
883,"前往前方挑战普通关卡"
884,"前往前方挑战困难关卡"
885,"拖动左下的摇杆来控制角色移动"
886,"拖动右侧屏幕控制视角转动"
887,"点击                  按钮进行跳跃"
888,"积分达到{0}分即可解锁"
889,"积分不足暂无法进入，请先游玩其它关卡获取积分"
890,"当前位置已保存"
891,"{0}关卡已完成，获得{1}积分"
892,"确认"
893,"简单关卡"
894,"普通关卡"
895,"困难关卡"
896,"正在请求协助，快去帮帮他吧！"
897,"使用一张好友卡与{0}建立好友关系。你想与对方建立什么关系呢？"
898,"兄弟"
899,"闺蜜"
900,"{0}{1}，你接受吗？"
901,"*{0}*与*{1}*成为了*{2}*，祝贺他们！"
902,"邀请好友"
903,"你的{0}{1}邀请你一同挑战{2}关卡"
904,"接受"
905,"拒绝"
906,"{0}接受了你的邀请"
907,"祝贺*{0}*与*{1}*合作完成了*{2}*关卡！"
908,"{0}玩家与他人成立了好友关系，与你的好友关系已自动解除"
909,"{0}玩家已退出房间，与你的好友关系已自动解除"
910,"{0}拒绝了你的邀请"
911,"你们已经是好友啦！"
912,"没有{0}道具了，先去大厅获取吧！"
913,"成功使用{0}道具！"
914,"{0}道具已经使用过了"
915,"此道具不可在背包使用"
916,"将箱子推至这里跳上去吧！"
917,"使用好友卡与其他玩家成为闺蜜/兄弟吧！"
918,"使用此道具在关卡结束时获得双倍积分！"
919,"使用飞行皮靴获得飞行能力飞过障碍！"
920,"召唤魔法伙伴帮助你控制机关吧！"
921,"使用延时沙漏将时间机关延长15秒！"
922,"先前往左边的简单关卡挑战第一关“教程”吧！"
923,"请从关卡起点进入后再使用该道具"
924,"本按钮已被占用，暂无法使用魔法伙伴"
925,"此按钮暂被其他玩家控制，最好不要乱动噢"
926,"获得一个“{0}”道具"
927,"好友卡"
928,"双倍积分"
929,"飞行皮靴"
930,"魔法伙伴"
931,"延时沙漏"
932,"眼间距"
933,"眼睛上下移动"
934,"眼睛角度"
935,"眼睛长度"
936,"眼睛宽度"
937,"眼角左右移动"
938,"眼角上下移动"
939,"眉间距"
940,"眉毛上下移动"
941,"眉毛角度"
942,"鼻梁高度"
943,"鼻子长度"
944,"鼻子上下移动"
945,"嘴巴上下移动"
946,"嘴巴宽度"
947,"嘴巴弧度"
948,"颜色"
949,"返回"
950,"进阶"
951,"保存装扮"
952,"预设"
953,"脸部"
954,"身体"
955,"服装"
956,"套装预设"
957,"脸部预设"
958,"身材预设"
959,"眼睛"
960,"眉毛"
961,"鼻子"
962,"嘴巴"
963,"腮红"
964,"肤色"
965,"身材"
966,"上衣"
967,"下装"
968,"鞋子"
969,"手套"
970,"头发"
971,"额外"
972,"背包"
973,"关闭"
974,"ll go the other way"], [13, "Chat_chat_6", "你站在那里不要动", "You stand there, don"
975,"s rush through together!"], [15, "Chat_chat_8", "不好意思我失误了", "Sorry for my mistake"], [16, "Chat_chat_9", "没关系，再试一次吧", "It"
976,"未来武器箱"
977,"红色昵称"
978,"结算额外奖励"
979,"金币袋额外上限"
980,"随身份概率翻倍"
981,"专属拖尾"
982,"凶手武器"
983,"侦探武器"
984,"广告券"
985,"道具收集目标"
986,"道具生成数量"
987,"道具刷新间隔"
988,"地图1湖边别墅"
989,"道具刷新点1"
990,"道具刷新点2"
991,"道具刷新点3"
992,"道具刷新点4"
993,"道具刷新点5"
994,"道具刷新点6"
995,"道具刷新点7"
996,"道具刷新点8"
997,"道具刷新点9"
998,"道具刷新点10"
999,"道具刷新点11"
1000,"道具刷新点12"
1001,"道具刷新点13"
1002,"道具刷新点14"
1003,"道具刷新点15"
1004,"道具刷新点16"
1005,"道具刷新点17"
1006,"道具刷新点18"
1007,"道具刷新点19"
1008,"道具刷新点20"
1009,"道具刷新点21"
1010,"地图2XXXX"
1011,"地图3XXXX"
1012,"春季绿"
1013,"宝石蓝"
1014,"虚空紫"
1015,"金橙"
1016,"落日黄"
1017,"芭比粉"
1018,"活力红"
1019,"毛衣水手棕发"
1020,"连体制服银发"
1021,"不良水手粉发"
1022,"韩式水手马尾"
1023,"可爱双马尾女"
1024,"兔耳杀马特女"
1025,"棕毛针织衫男"
1026,"红毛不良男"
1027,"蓝马尾科技少女"
1028,"粉“兔耳”科技少女"
1029,"精英风男"
1030,"可爱鲨鱼男"
1031,"文静大小姐"
1032,"兔耳美少女"
1033,"男老师"
1034,"宅男"
1035,"潮流女孩"
1036,"大厅等待时长"
1037,"对局时长"
1038,"分配身份时长"
1039,"分配身份变换间隔"
1040,"控制文本变化速度"
1041,"确认身份时长"
1042,"初始权重"
1043,"增加权重"
1044,"初始概率"
1045,"增加概率"
1046,"死亡效果时长"
1047,"胜利宣告文本缩放时长"
1048,"胜利宣告烟花缩放时长"
1049,"胜利宣告总时长"
1050,"金币袋初始上限"
1051,"可以通过其他途径提升"
1052,"生命值"
1053,"角色基础数值"
1054,"移动速度"
1055,"跳跃高度"
1056,"最大跳跃次数"
1057,"局内准备时长"
1058,"金币刷新间隔"
1059,"近战武器延迟检测时长"
1060,"攻击动作和攻击特效间隔时长"
1061,"死亡动作播放时长"
1062,"凶手移动速度"
1063,"参与对局奖励"
1064,"参与对局可获得的奖励"
1065,"存活人数默认颜色（白）"
1066,"存活人数激活颜色（红）"
1067,"学生每秒获得经验值"
1068,"准备倒计时中央停留时长"
1069,"<准备时长"
1070,"结算-动画结束后的界面显示时长"
1071,"掏枪图片GUID"
1072,"暂时ID，后期需修改为正式图标"
1073,"收枪图片GUID"
1074,"掏刀图片GUID"
1075,"收刀图片GUID"
1076,"投掷飞刀架势图片GUID"
1077,"投掷飞刀复原图片GUID"
1078,"场景内AI穿透名字屏蔽"
1079,"死亡动作恢复时间延迟"
1080,"Loading时间"
1081,"尸体死亡姿态"
1082,"金币图标GUID"
1083,"钻石图标GUID"
1084,"广告券图标GUID"
1085,"超级特权钥匙图标GUID"
1086,"子弹速度"
1087,"飞刀速度"
1088,"射击速度"
1089,"近战扇形角度"
1090,"近战扇形半径"
1091,"近战扇形最高高度"
1092,"近战扇形最低高度"
1093,"死亡激励-金币数量"
1094,"死亡激励-界面显示时间"
1095,"经过多久激励显示界面会自动关闭"
1096,"结算激励-额外奖励倍数m"
1097,"大厅激励-基础金币数量A"
1098,"大厅激励-额外金币系数n"
1099,"大厅激励-倒计时时长T"
1100,"大厅激励-广告上限L"
1101,"结算插屏-插屏间隔"
1102,"会员特权昵称变色"
1103,"会员界面开放场数要求"
1104,"自动瞄准索敌半径"
1105,"初始瞄准ui大小"
1106,"瞄准ui缩放下限"
1107,"攻击检测半径"
1108,"等级UI缩小最大距离"
1109,"等级UI最小缩小"
1110,"警察开枪CD"
1111,"警察开枪动作/音效持续时间"
1112,"飞刀CD"
1113,"飞刀旋转速度"
1114,"近战挥刀间隔"
1115,"黑幕时间"
1116,"展示时间"
1117,"终结者特效GUID"
1118,"终结者特效缩放"
1119,"终结者特效偏移"
1120,"终结者特效旋转"
1121,"GUID | 速度"
1122,"黑幕透明度不变时间比例"
1123,"击杀额外范围音效"
1124,"近战消灭特效"
1125,"远程消灭特效(枪和飞刀)"
1126,"灵魂特效"
1127,"击杀震屏xy轴幅度"
1128,"击杀震屏xy轴频率"
1129,"击杀震屏内置CD"
1130,"死亡震屏roll轴幅度"
1131,"死亡震屏roll轴频率"
1132,"消灭UI持续时间"
1133,"消灭UI上升距离"
1134,"消灭UI偏移x"
1135,"消灭UI偏移y"
1136,"终结击杀彩带特效"
1137,"警察打错自身特效"
1138,"挥刀随即动作数组"
1139,"弹孔特效"
1140,"击杀震屏时间"
1141,"死亡震屏时间"
1142,"挥刀动作时间"
1143,"弹道特效xy轴缩放"
1144,"弹道特效持续时间"
1145,"描边颜色"
1146,"描边粗细"
1147,"护盾特效"
1148,"局内出生点组-关卡1"
1149,"大厅出生点组"
1150,"掉落武器触发器"
1151,"掉落武器模型"
1152,"道具触发器"
1153,"金币触发器+金币模型"
1154,"局内出生点组-关卡2"
1155,"玩家头顶名称"
1156,"世界UI脚本"
1157,"AI父节点"
1158,"局内出生点组-关卡3"
1159,"物品种类"
1160,"近战数量"
1161,"斧子"
1162,"菜刀（带光）"
1163,"镖(波动)"
1164,"镖(聚气)"
1165,"远程数量"
1166,"拖尾数量"
1167,"烟雾\n参考翻译：Somke"
1168,"紫电\n参考翻译：Purple Lighting"
1169,"雷霆\n参考翻译：Lighting"
1170,"清风\n参考翻译：Wind"
1171,"虹彩\n参考翻译：Rainbow"
1172,"梦幻\n参考翻译：Illusion"
1173,"套装数量"
1174,"挂件数量"
1175,"玩家脚步"
1176,"拾取金币"
1177,"落地音效"
1178,"随机身份-凶手确认音效"
1179,"随机身份-侦探确认音效"
1180,"随机身份-学生确认音效"
1181,"死亡音效（被刀）"
1182,"胜利展示BGM"
1183,"进入大厅前音乐"
1184,"大厅音乐"
1185,"地图1音乐"
1186,"地图2音乐"
1187,"地图3音乐"
1188,"开枪时的音效"
1189,"换弹时的音效"
1190,"投掷飞刀的音效"
1191,"子弹成功命中音效"
1192,"投掷飞刀的命中音效"
1193,"消灭额外音效"
1194,"爆炸飞刀爆炸音效"
1195,"成功购买/激活"
1196,"购买/激活失败"
1197,"大厅倒计时"
1198,"随机地图"
1199,"公告"
1200,"本次更新：\n1.新增【马桶人VS监控人】系列挂件，欢迎大家去商店选购~\n2.新增【能力商店】，开放杀手局内特殊能力的配置\n3.优化了侦探、凶手的操作手感及相关界面\n4.调整大厅及关卡场景，提升性能"
1201,"公告按钮"
1202,"局内倒计时"
1203,"随机分配身份"
1204,"身份目标栏"
1205,"死亡效果"
1206,"胜利宣告"
1207,"失败宣告"
1208,"局内玩家信息栏"
1209,"学生存活经验"
1210,"凶手局内目标"
1211,"侦探局内目标"
1212,"英雄局内目标"
1213,"你化身学生英雄，找到凶手击败他！"
1214,"学生局内目标"
1215,"死亡提示"
1216," 对局时间耗尽； 凶手失败，侦探失败； 部分学生胜利，无英雄 "
1217," 对局时间耗尽； 凶手失败，侦探失败； 部分学生胜利，英雄失败 "
1218,"结算-凶手"
1219,"消灭了{0}名学生"
1220,"结算-学生"
1221,"结算-侦探"
1222,"结算-英雄"
1223,"结算-凶手/学生胜利经验值"
1224,"结算-侦探/英雄胜利经验值"
1225,"结算-看广告"
1226,"结算-看广告按钮"
1227,"局内界面"
1228,"啊？？？啊？？？啊？？？又不写是吧"
1229,"能力系统"
1230,"开始界面"
1231,"大厅界面"
1232,"观战界面"
1233,"加载界面"
1234,"加载中"
1235,"商店界面"
1236,"套装"
1237,"地图选择界面"
1238,"特效"
1239,"结算界面"
1240,"死亡提示界面"
1241,"奖励界面"
1242,"胜利展示界面"
1243,"商店-获取方式"
1244,"大厅3DUI-杀手教学"
1245,"大厅3DUI-侦探教学"
1246,"大厅3DUI-小提示"
1247,"1.如果你是杀手/侦探，请尽量不要暴露自己的身份\n2.远离那些试图靠近你的人，他们很危险，时刻保持警惕\n3.假如你是平民，那么努力活下来吧\n4.不要相信任何人"
1248,"快捷短语二级-1"
1249,"大厅3DUI"
1250,"商店会员相关"
1251,"大会员商店提示"
1252,"拾取武器"
1253,"学生道具"
1254,"局内金币"
1255,"局内其他人死亡"
1256,"有人淘汰了！"
1257,"局内侦探死亡"
1258,"场景加载提示"
1259,"大厅观战"
1260,"大厅广告"
1261,"密码表飘字"
1262,"抽奖主动提示"
1263,"抽奖广告冷却"
1264,"大会员"
1265,"投掷飞刀"
1266,"Death :: 玩家 ==== 玩家已经死亡,先关闭死亡姿态"
1267,"Death :: 玩家 ==== 玩家 ${playerId} 已经死亡 "
1268,"Death :: 玩家 ==== 玩家 ${playerId} 恢复原状态 "
1269,"Death :: AI ==== 玩家已经死亡,先关闭死亡姿态"
1270,"kang log 奖励弹窗"
1271,"开始结算"
1272,"按钮列表为空"
1273,"增加金币"
1274,"增加钻石"
1275,"增加游戏内的金币10"
1276,"下次抽奖保底"
1277,"增加广告券"
1278,"修改大厅时间"
1279,"技能体验券+10"
1280,"切换热武器，对局内使用"
1281,"本次更新：
1.新增【马桶人VS监控人】系列挂件，欢迎大家去商店选购~
2.新增【能力商店】，开放杀手局内特殊能力的配置
3.优化了侦探、凶手的操作手感及相关界面
4.调整大厅及关卡场景，提升性能
5.新增还原按钮，镜头卡住的时候点一下试试吧"
1282,"去购买"
